,video_id,backlinks
0,R0ftmf_Uv9A,51
1,Bno1m1zhIWs,233
2,0anQIEeLonA,20
3,iRYZjOuUnlU,1002
4,1wo2TLlMhiw,966
5,zsNj8DiJv-A,2347
6,E4iygQ--7dk,3
7,ZQUtT3pnw5Q,3
8,6foH3Zc82ZQ,812
9,RW105kjNtho,162
10,hdYZtRQ_eeo,15
11,fGH94HoSJ2s,706
12,QZMvfoqrhWw,21
13,h77khc_6l6g,10
14,kI_spMxp6t8,511
15,ZXfuqUhzESg,218
16,zE8GCX1w3ys,40
17,F1H1SA0F_wY,13
18,6MVz5MBNqsw,14
19,sR0DsXH0bT4,7
20,OdENyo4HvX4,10
21,4r1EmEni2Rw,54
22,Azs7As3MYFU,102
23,MknerYjob0w,600
24,i5UkjhqY4io,39
25,HXe9iZQpJ1M,101
26,lv1SpwwJEW8,396
27,rpJ9ICMxA-I,6
28,GR-embMmMQc,28
29,IDj0ghd7xMs,19
30,pjtQ4Jmxh_8,453
31,oIWqTIFRlYU,84
32,8kCTMyh1oqw,3
33,m19F4IHTVGc,350
34,Z8IR7IhrszQ,8
35,Lb3v8M8dzic,336
36,JZIIOp38KYU,4
37,zdq3NVtT6Nc,81
38,NeZ4yXyzUG0,333
39,cfkUE5Q0K04,94
40,FH9uVw-d35c,1
41,K5tcwIicICg,310
42,CISbbt1x2dc,16
43,Il-Vz6X2ygg,7
44,iiUIWnU-Ofk,10
45,x_isZHaZjcU,2
46,nufBpHmWhtQ,49
47,W5hBL94EFMQ,98
48,rGVgjS98OsU,1431
49,B12qniUwPMg,29
50,REWfM4gVtow,14
51,oNW2p0nTEto,50
52,E0uLbeQlwjw,846
53,O454c_qs5kI,33
54,zmxJrMpIRh4,33
55,cphJJZQtx-U,173
56,XNf40sBcvKk,379
57,WiNlxqlNZys,1
58,GL-Rv2Zy8jQ,1
59,OLr_VCqnId0,15
60,xTcP1R8BFBQ,4
61,QUCeQt8zg5o,1949
62,aPI5TmdVZCk,5
63,0aM7RjXE1xo,0
64,53KolEoTyz0,6
65,NzlYRGyDSt0,46
66,0MMBVEQbF8Y,17
67,klXaDgmM8Fs,131
68,Mw9YM0Kbtvo,14
69,cn3RUZsaPmg,61
70,oHlx5fB94bc,24
71,ECscKICzsJ0,369
72,qR5TCBBhihY,0
73,nERZr_d343w,8
74,BX4KlZWxNtk,0
75,veMFCFyOwFI,373
76,r21iN7JYu2Y,67
77,GYW9428fjQg,7
78,KR9sWRzbdJw,86
79,-rBGgIaO69c,44
80,EhbLy11U8x4,19
81,VZ4ruk3KO48,357
82,LVtt_8GTGB8,17
83,WDCkMkLvc-E,0
84,KjhMAMAPgeM,2454
85,7Jyc-LzXqk0,209
86,h7mFQdbpJ3Q,14656
87,eTMRMX7Pw5U,9
88,dEoVzKyD_IM,183
89,mU4iKcZoKP4,35
90,mITaDOAUAQE,23
91,bzdQ770lt-g,35
92,TGvifbr6sBg,3
93,cGZE6Yh0X6M,7
94,0vwkfJb7FEc,37
95,2CVoPLea5_Q,60
96,Y7a5Yww8mMc,4
97,Hzntl-YJe04,50
98,btVFgqkgkzw,14969
99,wv8F4NLr4E0,108
100,x8UokctMePM,0
101,aEdGcej-6D0,384
102,2Qs6kdvprt0,16
103,kbPnF8Hvj0I,84
104,9scGFj7zp5w,81
105,aBswCrpLSao,35
106,1oUZlWmMQU4,0
107,KSAdNFhWFdE,41
108,H7FML0wzJ6A,395
109,wQmBsbt9blg,152
110,a34zpFaoBoM,127
111,ffRfIfGgjmw,86
112,S_tTgryABBU,27
113,L_P1nbNPH3M,49
114,wyt0jlbOPqA,6
115,_Jj8vne0ca0,132
116,7T6hu3OaLXI,3
117,VpVvPNLY6hg,32
118,W72zK9huR5g,7
119,W4gDfSNMRx4,104
120,sZAneAxW7j0,45
121,w_nOdZ-voak,2
122,qNoxt-I6MOY,92
123,QN_Tm_KScLo,1
124,wZBE5j2kIgY,23
125,CynzeRes7mY,48
126,jwvsrybklf8,243
127,B7FvF7DBI9s,1
128,K2zbN3AuHG8,100
129,8V-9LRLSzLg,4
130,htNfs-UeNvQ,0
131,6Wj_j9aLxF4,5
132,T8SsHlDVc58,36
133,6eW8LnVOo5Y,1
134,hXtzera0mkY,30
135,twYgwa3EZYQ,35
136,S3NV5taFoWc,11
137,Y58njT2oXfE,353
138,WTjGtfVmIbA,6
139,q2209nFlQLo,50
140,qcKIjwiQgok,32
141,sfju7EAukEs,7
142,6x1kiySrklU,1
143,G-06Z_9SBBI,10
144,RYj9JAKiP1o,8
145,JAT9NQ4WkE0,160
146,KYhx6K9BYY0,7
147,NgVXIBj905w,12
148,uRmSZuvdwBs,2
149,sPY92HDQwM0,0
150,km-ciyqmAus,112
151,O7ByJb7QQ9U,11399
152,W43Rgzge4Po,49
153,IQcmfxO-to0,1
154,wb6IiSUxpgw,93
155,Cj_Pr38vj8k,37
156,EhFbVjntcvg,22
157,jG8NpxLwU5k,0
158,exyQ724_2nk,121
159,sUE8N74opz0,13
160,1Q575bziwXQ,2
161,aoCf0yEO6U4,0
162,4vsEM90JSGI,10
163,kvmD7KJdpJA,2
164,8I8wuFrp7gI,97
165,gLUk8vVxCpQ,0
166,_ZGWcHgkSn0,5
167,jn2YeomB9N0,7
168,CaIi-3huRLE,238
169,7QNNClAYHFk,10
170,WM9rdc0fsgo,2
171,gCNeDWCI0vo,1973162
172,wznD7uCEcLk,27
173,wVYZFNCmrBI,8
174,E5iTUGLYFgg,0
175,0BasXaiHiiI,1484
176,8RVoPZPKxLY,40
177,nUfWTHbCS78,84
178,TJ2U-cjneNg,1
179,Tz7JJcO-rWw,35
180,1kYWII25cxM,8
181,bU2wYxJSZBI,5
182,ZfNbxVa3YLo,408
183,wg1unr6eNpQ,108
184,jG8Feqn6Z0E,843
185,XYn5t0tuuAk,149
186,Fo77sTGpngQ,392
187,rzoI6RUG1iQ,5
188,JN4mnVLP0rU,1050
189,nDtZGbNNbjo,21
